short_term,long_term,price_range,amp_window,increase_holding,decrease_holding,amp_lo_threshold,amp_hi_threshold,mse_threshold,slope_threshold,Train r2,Val r2,Test r2,Train RMSE,Val RMSE,Test RMSE,Train MAPE,Val MAPE,Test MAPE,Time,CV r2
3.0,30.0,3.0,100.0,500.0,500.0,10.0,1.5,0.02,0.4,,-0.6405924888189638,-19.6164096232732,,,,,,,,-14.69977459978264
3.0,30.0,4.0,100.0,500.0,500.0,10.0,1.5,0.02,0.4,,23.150457471515292,-3.0886453393518245,,,,,,,,2.390141960785667
3.0,30.0,5.0,100.0,500.0,500.0,10.0,1.5,0.02,0.4,,43.019322134972505,8.73747400979735,,,,,,,,14.31114700806416
3.0,30.0,6.0,100.0,500.0,500.0,10.0,1.5,0.02,0.4,,36.43336827899445,10.294527371170982,,,,,,,,17.1493000799932
3.0,30.0,7.0,100.0,500.0,500.0,10.0,1.5,0.02,0.4,,34.41933452070133,7.935577449803954,,,,,,,,16.766365236415414
3.0,30.0,8.0,100.0,500.0,500.0,10.0,1.5,0.02,0.4,,36.60306281403888,13.554572830667896,,,,,,,,19.50936528457806
3.0,30.0,9.0,100.0,500.0,500.0,10.0,1.5,0.02,0.4,,36.30313759369281,11.128004670801632,,,,,,,,20.36976704521245
3.0,30.0,10.0,100.0,500.0,500.0,10.0,1.5,0.02,0.4,,34.48187396976289,9.807176615863401,,,,,,,,20.348805945544672
2.0,30.0,5.0,100.0,500.0,500.0,10.0,1.5,0.02,0.4,,43.563341141110755,2.5958951980479554,,,,,,,,13.132915379736849
4.0,30.0,5.0,100.0,500.0,500.0,10.0,1.5,0.02,0.4,,42.12514558986875,7.72258161232002,,,,,,,,12.875651781259128
5.0,30.0,5.0,100.0,500.0,500.0,10.0,1.5,0.02,0.4,,43.13789031956506,6.947774206189948,,,,,,,,13.229054368664872
6.0,30.0,5.0,100.0,500.0,500.0,10.0,1.5,0.02,0.4,,39.31789616696858,3.9789148733576027,,,,,,,,11.41213138084576
7.0,30.0,5.0,100.0,500.0,500.0,10.0,1.5,0.02,0.4,,38.83307713655257,4.26869625502675,,,,,,,,11.610648822764382
8.0,30.0,5.0,100.0,500.0,500.0,10.0,1.5,0.02,0.4,,40.87561454536737,5.668264762361957,,,,,,,,12.044126771153879
9.0,30.0,5.0,100.0,500.0,500.0,10.0,1.5,0.02,0.4,,41.241163722280994,5.258767437379461,,,,,,,,12.341692090690085
10.0,30.0,5.0,100.0,500.0,500.0,10.0,1.5,0.02,0.4,,39.363968266346966,8.241464407689385,,,,,,,,11.91349445542925
2.0,15.0,5.0,100.0,500.0,500.0,10.0,1.5,0.02,0.4,,43.8354998434567,8.29116377089295,,,,,,,,14.444492931270593
2.0,20.0,5.0,100.0,500.0,500.0,10.0,1.5,0.02,0.4,,42.230428168952756,4.212374188639878,,,,,,,,14.132751715951368
2.0,25.0,5.0,100.0,500.0,500.0,10.0,1.5,0.02,0.4,,40.48272132347965,6.141564332639248,,,,,,,,13.71233672666401
2.0,40.0,5.0,100.0,500.0,500.0,10.0,1.5,0.02,0.4,,41.00307918164322,4.067261027789538,,,,,,,,13.32478010497807
2.0,50.0,5.0,100.0,500.0,500.0,10.0,1.5,0.02,0.4,,40.56328325807789,3.888108554127264,,,,,,,,13.741995547306175
2.0,15.0,5.0,75.0,500.0,500.0,10.0,1.5,0.02,0.4,,43.976911179560915,11.318518638392636,,,,,,,,17.53454491544861
2.0,15.0,5.0,125.0,500.0,500.0,10.0,1.5,0.02,0.4,,42.70658758726252,6.119102467387659,,,,,,,,14.45367428056953
2.0,15.0,5.0,150.0,500.0,500.0,10.0,1.5,0.02,0.4,,35.898888898897226,-2.3780217634595147,,,,,,,,10.825654205370626
2.0,15.0,5.0,175.0,500.0,500.0,10.0,1.5,0.02,0.4,,30.238827398904316,-3.0294907135609304,,,,,,,,9.502691025570376
2.0,15.0,5.0,200.0,500.0,500.0,10.0,1.5,0.02,0.4,,26.08432098561278,-5.487597170064726,,,,,,,,7.352804105756936
2.0,15.0,5.0,75.0,500.0,500.0,5.0,1.5,0.02,0.4,,17.721896985737192,-5.608692359243329,,,,,,,,4.074843363526012
2.0,15.0,5.0,75.0,500.0,500.0,7.5,1.5,0.02,0.4,,38.38549367020583,2.9714669482262757,,,,,,,,14.12752495537552
2.0,15.0,5.0,75.0,500.0,500.0,12.5,1.5,0.02,0.4,,44.041787339944406,7.829954894187264,,,,,,,,15.833871539475613
2.0,15.0,5.0,75.0,500.0,500.0,15.0,1.5,0.02,0.4,,40.65866075884738,10.095053771628443,,,,,,,,14.547386028402357
2.0,15.0,5.0,75.0,500.0,500.0,12.5,0.5,0.02,0.4,,44.206996870196534,7.673900069073671,,,,,,,,16.059777997610308
2.0,15.0,5.0,75.0,500.0,500.0,12.5,1.0,0.02,0.4,,44.206996870196534,7.673900069073671,,,,,,,,16.059777997610308
2.0,15.0,5.0,75.0,500.0,500.0,12.5,2.0,0.02,0.4,,39.39818303312442,7.639923312125447,,,,,,,,12.47704476424963
2.0,15.0,5.0,75.0,500.0,500.0,12.5,2.5,0.02,0.4,,39.988038898879566,10.06263219632363,,,,,,,,13.833845516942
2.0,15.0,5.0,75.0,500.0,500.0,12.5,3.0,0.02,0.4,,38.49215013634459,12.33251229437602,,,,,,,,12.950336661514863
2.0,15.0,5.0,75.0,500.0,500.0,12.5,0.5,0.005,0.4,,34.21613058301049,14.935169837678112,,,,,,,,20.108630618279093
2.0,15.0,5.0,75.0,500.0,500.0,12.5,0.5,0.01,0.4,,41.550460815681035,11.062234464933281,,,,,,,,18.764236984325624
2.0,15.0,5.0,75.0,500.0,500.0,12.5,0.5,0.04,0.4,,36.96758057809525,1.4632247525966449,,,,,,,,10.676535034924486
2.0,15.0,5.0,75.0,500.0,500.0,12.5,0.5,0.02,0.05,,27.14829368837261,7.277179586861774,,,,,,,,11.687684389070043
2.0,15.0,5.0,75.0,500.0,500.0,12.5,0.5,0.02,0.1,,31.359311127145048,14.778644791449011,,,,,,,,11.871192429575766
2.0,15.0,5.0,75.0,500.0,500.0,12.5,0.5,0.02,0.2,,39.66864743203794,16.63555361389204,,,,,,,,14.952633523278674
2.0,15.0,5.0,75.0,500.0,500.0,12.5,0.5,0.02,0.8,,43.9167286045546,10.468050713623732,,,,,,,,18.334879169071577
2.0,15.0,5.0,75.0,500.0,500.0,12.5,0.5,0.02,1.6,,43.081942927249926,10.468050713623732,,,,,,,,18.101656033469247
2.0,15.0,5.0,75.0,250.0,500.0,12.5,0.5,0.02,0.4,,36.34065979726208,12.28676989664853,,,,,,,,18.000375726899353
2.0,15.0,5.0,75.0,1000.0,500.0,12.5,0.5,0.02,0.4,,45.35480654916768,2.2201658213758506,,,,,,,,9.847786551003372
2.0,15.0,5.0,75.0,2000.0,500.0,12.5,0.5,0.02,0.4,,33.11952824712582,-1.9448664158497628,,,,,,,,-0.8915716947995769
2.0,15.0,5.0,75.0,4000.0,500.0,12.5,0.5,0.02,0.4,,29.36639407999359,-1.6521352133444864,,,,,,,,-5.2319315460838665
2.0,15.0,5.0,75.0,1000.0,250.0,12.5,0.5,0.02,0.4,,45.35480654916768,2.2201658213758506,,,,,,,,9.847786551003372
2.0,15.0,5.0,75.0,1000.0,1000.0,12.5,0.5,0.02,0.4,,45.35480654916768,2.2201658213758506,,,,,,,,9.847786551003372
2.0,15.0,5.0,75.0,1000.0,2000.0,12.5,0.5,0.02,0.4,,45.35480654916768,2.2201658213758506,,,,,,,,9.847786551003372
2.0,15.0,5.0,75.0,1000.0,4000.0,12.5,0.5,0.02,0.4,,45.35480654916768,2.2201658213758506,,,,,,,,9.847786551003372
2.0,15.0,3.0,75.0,1000.0,500.0,12.5,0.5,0.02,0.4,,21.040441223408926,-13.011873877639594,,,,,,,,-0.06081761528392136
2.0,15.0,4.0,75.0,1000.0,500.0,12.5,0.5,0.02,0.4,,28.383287490565476,-11.249775994994302,,,,,,,,3.055231168924096
2.0,15.0,6.0,75.0,1000.0,500.0,12.5,0.5,0.02,0.4,,25.496018074453737,-8.517031694633168,,,,,,,,6.031608851658489
2.0,15.0,7.0,75.0,1000.0,500.0,12.5,0.5,0.02,0.4,,24.995060487900968,-14.622531522100005,,,,,,,,3.374267595972539
2.0,15.0,8.0,75.0,1000.0,500.0,12.5,0.5,0.02,0.4,,30.65696273631509,-4.326300681764895,,,,,,,,8.630669469737104
2.0,15.0,9.0,75.0,1000.0,500.0,12.5,0.5,0.02,0.4,,37.406421090841704,2.8310311650215887,,,,,,,,14.78634999687625
2.0,15.0,10.0,75.0,1000.0,500.0,12.5,0.5,0.02,0.4,,36.78693819891816,-1.4799443017666256,,,,,,,,14.656684234425882
3.0,15.0,5.0,75.0,1000.0,500.0,12.5,0.5,0.02,0.4,,40.252321323484324,7.261878635879214,,,,,,,,10.016018140934303
4.0,15.0,5.0,75.0,1000.0,500.0,12.5,0.5,0.02,0.4,,42.94291109212736,9.051479975947277,,,,,,,,10.122392284880055
5.0,15.0,5.0,75.0,1000.0,500.0,12.5,0.5,0.02,0.4,,38.50755405991133,8.334412800744964,,,,,,,,9.964501502720722
6.0,15.0,5.0,75.0,1000.0,500.0,12.5,0.5,0.02,0.4,,41.15207225244196,3.864275568411074,,,,,,,,11.69039398014294
7.0,15.0,5.0,75.0,1000.0,500.0,12.5,0.5,0.02,0.4,,45.71044927078141,9.830957763090517,,,,,,,,16.276842625781775
8.0,15.0,5.0,75.0,1000.0,500.0,12.5,0.5,0.02,0.4,,40.13529948251677,9.199944620203155,,,,,,,,14.704648848291367
9.0,15.0,5.0,75.0,1000.0,500.0,12.5,0.5,0.02,0.4,,38.20114213336264,10.813610555974225,,,,,,,,11.897754359997823
10.0,15.0,5.0,75.0,1000.0,500.0,12.5,0.5,0.02,0.4,,37.13947656161885,13.818015301394013,,,,,,,,13.61304068163351
7.0,20.0,5.0,75.0,1000.0,500.0,12.5,0.5,0.02,0.4,,37.64692944197104,11.345167352681887,,,,,,,,12.552228797814076
7.0,25.0,5.0,75.0,1000.0,500.0,12.5,0.5,0.02,0.4,,35.54551786769979,1.566051611356329,,,,,,,,5.155303328879527
7.0,30.0,5.0,75.0,1000.0,500.0,12.5,0.5,0.02,0.4,,32.15693687835504,-3.672812037552884,,,,,,,,1.570264275374327
7.0,40.0,5.0,75.0,1000.0,500.0,12.5,0.5,0.02,0.4,,33.688263064686595,-0.3184549038604807,,,,,,,,5.289116812907749
7.0,50.0,5.0,75.0,1000.0,500.0,12.5,0.5,0.02,0.4,,40.4445505592911,5.785491306910554,,,,,,,,12.130973976767146
7.0,15.0,5.0,100.0,1000.0,500.0,12.5,0.5,0.02,0.4,,44.60888625221743,10.420352486390712,,,,,,,,14.699263989055407
7.0,15.0,5.0,125.0,1000.0,500.0,12.5,0.5,0.02,0.4,,49.34610450728019,9.019092379500705,,,,,,,,15.965068327189519
7.0,15.0,5.0,150.0,1000.0,500.0,12.5,0.5,0.02,0.4,,49.36475895916118,7.4485183548901475,,,,,,,,15.840726146480616
7.0,15.0,5.0,175.0,1000.0,500.0,12.5,0.5,0.02,0.4,,54.565417085314124,6.800961854454922,,,,,,,,18.699889636524702
7.0,15.0,5.0,200.0,1000.0,500.0,12.5,0.5,0.02,0.4,,51.39644789923166,8.633190724974561,,,,,,,,18.699462598529685
7.0,15.0,5.0,175.0,1000.0,500.0,5.0,0.5,0.02,0.4,,10.58683891352004,-8.275835658520315,,,,,,,,-1.9915511044904506
7.0,15.0,5.0,175.0,1000.0,500.0,7.5,0.5,0.02,0.4,,26.386714973032213,-7.6807113887868805,,,,,,,,5.368920567850021
7.0,15.0,5.0,175.0,1000.0,500.0,10.0,0.5,0.02,0.4,,40.42156113962447,-1.5937320904600156,,,,,,,,13.36757620783913
7.0,15.0,5.0,175.0,1000.0,500.0,15.0,0.5,0.02,0.4,,45.457272367642844,7.198191569960834,,,,,,,,15.615590208492666
7.0,15.0,5.0,175.0,1000.0,500.0,12.5,1.0,0.02,0.4,,54.565417085314124,6.800961854454922,,,,,,,,18.699889636524702
7.0,15.0,5.0,175.0,1000.0,500.0,12.5,1.5,0.02,0.4,,54.565417085314124,6.800961854454922,,,,,,,,18.699889636524702
7.0,15.0,5.0,175.0,1000.0,500.0,12.5,2.0,0.02,0.4,,55.00806100627564,6.800961854454922,,,,,,,,18.834979001752707
7.0,15.0,5.0,175.0,1000.0,500.0,12.5,2.5,0.02,0.4,,56.13031284633337,7.597514601064322,,,,,,,,19.2119223962653
7.0,15.0,5.0,175.0,1000.0,500.0,12.5,3.0,0.02,0.4,,57.01723507120176,7.88099219141921,,,,,,,,19.15954534311771
7.0,15.0,5.0,175.0,1000.0,500.0,12.5,3.0,0.005,0.4,,50.49633580372757,13.981900480685509,,,,,,,,22.684721177840707
7.0,15.0,5.0,175.0,1000.0,500.0,12.5,3.0,0.01,0.4,,53.1172025494338,6.7077997854938545,,,,,,,,20.659413444622114
7.0,15.0,5.0,175.0,1000.0,500.0,12.5,3.0,0.04,0.4,,44.9070512447618,6.329626092470328,,,,,,,,15.112988923817074
7.0,15.0,5.0,175.0,1000.0,500.0,12.5,3.0,0.02,0.05,,25.63051322103179,0.14403863404767847,,,,,,,,7.23465896680423
7.0,15.0,5.0,175.0,1000.0,500.0,12.5,3.0,0.02,0.1,,24.796424738403978,2.430674056967412,,,,,,,,7.214987404139353
7.0,15.0,5.0,175.0,1000.0,500.0,12.5,3.0,0.02,0.2,,50.89555656079419,9.858527055384183,,,,,,,,13.99976921022665
7.0,15.0,5.0,175.0,1000.0,500.0,12.5,3.0,0.02,0.8,,54.33684332810883,7.741145450748476,,,,,,,,17.867452771301334
7.0,15.0,5.0,175.0,1000.0,500.0,12.5,3.0,0.02,1.6,,53.28889429416991,7.741145450748476,,,,,,,,17.529028484974475
7.0,15.0,5.0,175.0,250.0,500.0,12.5,3.0,0.02,0.4,,23.263135935181882,7.116950253743065,,,,,,,,11.06518537178299
7.0,15.0,5.0,175.0,500.0,500.0,12.5,3.0,0.02,0.4,,43.54169367818541,9.715864290856018,,,,,,,,17.731375201046667
7.0,15.0,5.0,175.0,2000.0,500.0,12.5,3.0,0.02,0.4,,61.55224779011877,7.692952606522347,,,,,,,,19.260071036339745
7.0,15.0,5.0,175.0,4000.0,500.0,12.5,3.0,0.02,0.4,,64.27255863205556,5.897733631577431,,,,,,,,17.813905768306604
7.0,15.0,5.0,175.0,4000.0,250.0,12.5,3.0,0.02,0.4,,64.23915588520828,5.823708401928236,,,,,,,,17.719012165577634
7.0,15.0,5.0,175.0,4000.0,1000.0,12.5,3.0,0.02,0.4,,64.49486944012116,6.083033223592416,,,,,,,,18.03558741888561
7.0,15.0,5.0,175.0,4000.0,2000.0,12.5,3.0,0.02,0.4,,65.17557193965297,6.532429812314881,,,,,,,,18.457911009116536
7.0,15.0,5.0,175.0,4000.0,4000.0,12.5,3.0,0.02,0.4,,66.71968981608578,7.654821069755293,,,,,,,,19.161936154755125
7.0,15.0,3.0,175.0,4000.0,4000.0,12.5,3.0,0.02,0.4,,-9.092878555925392,-12.816117701047908,,,,,,,,-12.427659149744073
7.0,15.0,4.0,175.0,4000.0,4000.0,12.5,3.0,0.02,0.4,,26.54166823731282,-25.193619339894195,,,,,,,,-7.954741451269376
7.0,15.0,6.0,175.0,4000.0,4000.0,12.5,3.0,0.02,0.4,,29.636742732257623,-19.56464700191433,,,,,,,,3.6161613218603037
7.0,15.0,7.0,175.0,4000.0,4000.0,12.5,3.0,0.02,0.4,,24.54519892621916,-22.746963803043016,,,,,,,,-7.006562546298258
7.0,15.0,8.0,175.0,4000.0,4000.0,12.5,3.0,0.02,0.4,,21.125079974813428,-18.9454234325736,,,,,,,,-7.5393086747612585
7.0,15.0,9.0,175.0,4000.0,4000.0,12.5,3.0,0.02,0.4,,22.132920951080468,4.027999709302598,,,,,,,,0.39353967937272644
7.0,15.0,10.0,175.0,4000.0,4000.0,12.5,3.0,0.02,0.4,,9.325569180858082,-1.117480913811125,,,,,,,,-1.2918580801917827
2.0,15.0,5.0,175.0,4000.0,4000.0,12.5,3.0,0.02,0.4,,54.75420412945474,-9.339200001303546,,,,,,,,-0.5290413644793475
3.0,15.0,5.0,175.0,4000.0,4000.0,12.5,3.0,0.02,0.4,,53.056050817723445,-5.8300138450973975,,,,,,,,-5.776473330765252
4.0,15.0,5.0,175.0,4000.0,4000.0,12.5,3.0,0.02,0.4,,52.34325316963281,-5.539442775075031,,,,,,,,-0.3318605854168041
5.0,15.0,5.0,175.0,4000.0,4000.0,12.5,3.0,0.02,0.4,,45.151636788576546,-11.46918583640645,,,,,,,,1.4466691171524004
6.0,15.0,5.0,175.0,4000.0,4000.0,12.5,3.0,0.02,0.4,,54.61616162930569,-9.034385994400878,,,,,,,,3.9936576724295945
8.0,15.0,5.0,175.0,4000.0,4000.0,12.5,3.0,0.02,0.4,,60.78879199433825,11.169943882945915,,,,,,,,14.981927075498799
9.0,15.0,5.0,175.0,4000.0,4000.0,12.5,3.0,0.02,0.4,,52.80435961708441,4.485430014554794,,,,,,,,7.968026914916777
10.0,15.0,5.0,175.0,4000.0,4000.0,12.5,3.0,0.02,0.4,,44.609625130102515,6.391102629155554,,,,,,,,5.667065649952017
7.0,20.0,5.0,175.0,4000.0,4000.0,12.5,3.0,0.02,0.4,,36.46669050906892,8.198360511333007,,,,,,,,-1.9676016551589393
7.0,25.0,5.0,175.0,4000.0,4000.0,12.5,3.0,0.02,0.4,,23.78882650873507,-14.610262931522112,,,,,,,,-13.962388573660485
7.0,30.0,5.0,175.0,4000.0,4000.0,12.5,3.0,0.02,0.4,,20.59652099127989,-15.585612309818455,,,,,,,,-15.05758396168937
7.0,40.0,5.0,175.0,4000.0,4000.0,12.5,3.0,0.02,0.4,,27.841168143775775,-11.9482205902857,,,,,,,,-10.570334946769684
7.0,50.0,5.0,175.0,4000.0,4000.0,12.5,3.0,0.02,0.4,,20.207431746649412,4.837691924844584,,,,,,,,-0.12730291088056234
7.0,15.0,5.0,75.0,4000.0,4000.0,12.5,3.0,0.02,0.4,,22.24100768509598,5.844954496448686,,,,,,,,-1.5884520409534317
7.0,15.0,5.0,100.0,4000.0,4000.0,12.5,3.0,0.02,0.4,,43.163008303197586,-1.278329882918392,,,,,,,,10.407042136105229
7.0,15.0,5.0,125.0,4000.0,4000.0,12.5,3.0,0.02,0.4,,54.8342719425398,2.7154262240627105,,,,,,,,10.372635884227881
7.0,15.0,5.0,150.0,4000.0,4000.0,12.5,3.0,0.02,0.4,,54.15042328092198,-2.739172471956792,,,,,,,,12.940191568845005
7.0,15.0,5.0,200.0,4000.0,4000.0,12.5,3.0,0.02,0.4,,62.15324549123199,14.0902618950688,,,,,,,,21.532295734659414
7.0,15.0,5.0,175.0,4000.0,4000.0,5.0,3.0,0.02,0.4,,21.290098140332255,-10.940799647771453,,,,,,,,-8.839563971592938
7.0,15.0,5.0,175.0,4000.0,4000.0,7.5,3.0,0.02,0.4,,40.3072199171307,-20.135220844412288,,,,,,,,0.11582772999553512
7.0,15.0,5.0,175.0,4000.0,4000.0,10.0,3.0,0.02,0.4,,45.28313513505989,-3.2146720334033745,,,,,,,,18.6392723024985
7.0,15.0,5.0,175.0,4000.0,4000.0,15.0,3.0,0.02,0.4,,57.052795536448954,-6.149964886607393,,,,,,,,16.57280219784497
7.0,15.0,5.0,175.0,4000.0,4000.0,12.5,0.5,0.02,0.4,,61.33552524014072,4.103225382500327,,,,,,,,15.158954262812154
7.0,15.0,5.0,175.0,4000.0,4000.0,12.5,1.0,0.02,0.4,,61.33552524014072,4.103225382500327,,,,,,,,15.158954262812154
7.0,15.0,5.0,175.0,4000.0,4000.0,12.5,1.5,0.02,0.4,,61.33552524014072,4.103225382500327,,,,,,,,15.158954262812154
7.0,15.0,5.0,175.0,4000.0,4000.0,12.5,2.0,0.02,0.4,,62.641880882874354,4.103225382500327,,,,,,,,15.650641208097445
7.0,15.0,5.0,175.0,4000.0,4000.0,12.5,2.5,0.02,0.4,,65.09374217243904,3.6203473182547867,,,,,,,,17.893152709150673
7.0,15.0,5.0,175.0,4000.0,4000.0,12.5,3.0,0.005,0.4,,66.81893479203545,6.505403794107917,,,,,,,,18.91259811923883
7.0,15.0,5.0,175.0,4000.0,4000.0,12.5,3.0,0.01,0.4,,68.37659046467138,-0.3776179241809139,,,,,,,,19.121860118944632
7.0,15.0,5.0,175.0,4000.0,4000.0,12.5,3.0,0.04,0.4,,59.65192693777888,4.348582129605546,,,,,,,,15.002854659595688
7.0,15.0,5.0,175.0,4000.0,4000.0,12.5,3.0,0.01,0.05,,2.647843330956249,-0.3845140730073737,,,,,,,,9.741026902546848
7.0,15.0,5.0,175.0,4000.0,4000.0,12.5,3.0,0.01,0.1,,6.392877490395911,-3.6185339731181685,,,,,,,,4.7980155322606395
7.0,15.0,5.0,175.0,4000.0,4000.0,12.5,3.0,0.01,0.2,,47.60698900967775,-6.221088635231858,,,,,,,,14.748135045272369
7.0,15.0,5.0,175.0,4000.0,4000.0,12.5,3.0,0.01,0.8,,48.13062843926728,-8.22895762927324,,,,,,,,9.869567548001914
7.0,15.0,5.0,175.0,4000.0,4000.0,12.5,3.0,0.01,1.6,,44.01602191097419,-8.22895762927324,,,,,,,,8.830635585229464
7.0,15.0,5.0,175.0,250.0,4000.0,12.5,3.0,0.01,0.4,,16.202314574537194,-1.8551219170902034,,,,,,,,3.5832151886705446
7.0,15.0,5.0,175.0,500.0,4000.0,12.5,3.0,0.01,0.4,,32.373688196699035,2.8570950325865283,,,,,,,,12.550541997410093
7.0,15.0,5.0,175.0,1000.0,4000.0,12.5,3.0,0.01,0.4,,52.16263043345657,4.533168697672895,,,,,,,,17.172938949275895
7.0,15.0,5.0,175.0,2000.0,4000.0,12.5,3.0,0.01,0.4,,62.38780551509315,3.9798385243725427,,,,,,,,17.47131068475424
7.0,15.0,5.0,175.0,4000.0,250.0,12.5,3.0,0.01,0.4,,68.24961901295671,-2.3057942835419567,,,,,,,,19.980876862042855
7.0,15.0,5.0,175.0,4000.0,500.0,12.5,3.0,0.01,0.4,,68.24590977445376,-2.2288579509729587,,,,,,,,19.97742752147448
7.0,15.0,5.0,175.0,4000.0,1000.0,12.5,3.0,0.01,0.4,,68.28215141893685,-2.0778301711314136,,,,,,,,19.990114515757067
7.0,15.0,5.0,175.0,4000.0,2000.0,12.5,3.0,0.01,0.4,,68.26514075695391,-1.4812455660796218,,,,,,,,19.928510203952783
7.0,15.0,3.0,175.0,4000.0,4000.0,12.5,3.0,0.01,0.4,,-9.092878555925392,-12.816117701047908,,,,,,,,-12.427659149744073
7.0,15.0,4.0,175.0,4000.0,4000.0,12.5,3.0,0.01,0.4,,34.854830811912386,-29.7632661770217,,,,,,,,-5.001480957003404
7.0,15.0,6.0,175.0,4000.0,4000.0,12.5,3.0,0.01,0.4,,31.294972050249193,4.869196037788381,,,,,,,,6.7779272128700825
7.0,15.0,7.0,175.0,4000.0,4000.0,12.5,3.0,0.01,0.4,,10.381838926467204,6.940044744026061,,,,,,,,2.795620708288382
7.0,15.0,8.0,175.0,4000.0,4000.0,12.5,3.0,0.01,0.4,,25.26656649172246,-2.150379799479275,,,,,,,,3.5476146430363884
7.0,15.0,9.0,175.0,4000.0,4000.0,12.5,3.0,0.01,0.4,,14.952565403180344,8.221728473524077,,,,,,,,9.413500081824356
7.0,15.0,10.0,175.0,4000.0,4000.0,12.5,3.0,0.01,0.4,,29.72421088368912,12.280226747509928,,,,,,,,16.921193206894625
2.0,15.0,5.0,175.0,4000.0,4000.0,12.5,3.0,0.01,0.4,,55.45772113547453,-43.56825901728993,,,,,,,,-6.759495730991517
3.0,15.0,5.0,175.0,4000.0,4000.0,12.5,3.0,0.01,0.4,,50.71364930595777,-25.329797909528352,,,,,,,,-9.1419368780365
4.0,15.0,5.0,175.0,4000.0,4000.0,12.5,3.0,0.01,0.4,,49.99212661001128,-22.48204106626497,,,,,,,,-2.7697100075442656
5.0,15.0,5.0,175.0,4000.0,4000.0,12.5,3.0,0.01,0.4,,50.4498467309018,-13.31306272315221,,,,,,,,3.8069122840167395
6.0,15.0,5.0,175.0,4000.0,4000.0,12.5,3.0,0.01,0.4,,59.20839574853929,-9.739500271820962,,,,,,,,6.024424028036883
8.0,15.0,5.0,175.0,4000.0,4000.0,12.5,3.0,0.01,0.4,,62.2878428090517,-0.6531104943089865,,,,,,,,10.146808660239188
9.0,15.0,5.0,175.0,4000.0,4000.0,12.5,3.0,0.01,0.4,,59.5213218816299,-2.812022199121863,,,,,,,,8.612800142486163
10.0,15.0,5.0,175.0,4000.0,4000.0,12.5,3.0,0.01,0.4,,51.74305055694572,-0.5971512676887372,,,,,,,,8.012100516578574
7.0,20.0,5.0,175.0,4000.0,4000.0,12.5,3.0,0.01,0.4,,46.30877156406803,-10.624043145961664,,,,,,,,0.6372186683269462
7.0,25.0,5.0,175.0,4000.0,4000.0,12.5,3.0,0.01,0.4,,33.77185763245115,-17.302478018453186,,,,,,,,-8.772191716217755
7.0,30.0,5.0,175.0,4000.0,4000.0,12.5,3.0,0.01,0.4,,36.16914217371337,-18.983391240391644,,,,,,,,-10.951375808350253
7.0,40.0,5.0,175.0,4000.0,4000.0,12.5,3.0,0.01,0.4,,38.862831060668945,-11.949870843387,,,,,,,,-3.860354100740853
7.0,50.0,5.0,175.0,4000.0,4000.0,12.5,3.0,0.01,0.4,,41.497910371132406,-5.14521247049338,,,,,,,,0.5618172373333152
7.0,15.0,5.0,75.0,4000.0,4000.0,12.5,3.0,0.01,0.4,,48.372404073507234,8.41179917937334,,,,,,,,5.150002017737303
7.0,15.0,5.0,100.0,4000.0,4000.0,12.5,3.0,0.01,0.4,,58.149216235558185,7.990233065314605,,,,,,,,13.827235251101495
7.0,15.0,5.0,125.0,4000.0,4000.0,12.5,3.0,0.01,0.4,,67.03699222443194,5.26579240027899,,,,,,,,20.259287974365336
7.0,15.0,5.0,150.0,4000.0,4000.0,12.5,3.0,0.01,0.4,,65.36335896110924,2.3399763951036547,,,,,,,,17.761157185328482
7.0,15.0,5.0,200.0,4000.0,4000.0,12.5,3.0,0.01,0.4,,51.47839488732926,-5.308789378479251,,,,,,,,13.15914466568604
7.0,15.0,5.0,175.0,4000.0,4000.0,5.0,3.0,0.01,0.4,,24.29321063639882,-25.510871374781537,,,,,,,,-9.269562827317873
7.0,15.0,5.0,175.0,4000.0,4000.0,7.5,3.0,0.01,0.4,,37.01652125081654,-15.291991763486372,,,,,,,,0.2631593007977003
7.0,15.0,5.0,175.0,4000.0,4000.0,10.0,3.0,0.01,0.4,,42.328140845011674,-17.62896213167383,,,,,,,,12.447028250149932
7.0,15.0,5.0,175.0,4000.0,4000.0,15.0,3.0,0.01,0.4,,64.73351356344848,-4.950300342453961,,,,,,,,17.23927978164557
7.0,15.0,5.0,175.0,4000.0,4000.0,12.5,0.5,0.01,0.4,,67.59685110494357,-2.816794869992659,,,,,,,,19.095068471723163
7.0,15.0,5.0,175.0,4000.0,4000.0,12.5,1.0,0.01,0.4,,67.59685110494357,-2.816794869992659,,,,,,,,19.095068471723163
7.0,15.0,5.0,175.0,4000.0,4000.0,12.5,1.5,0.01,0.4,,67.59685110494357,-2.816794869992659,,,,,,,,19.095068471723163
7.0,15.0,5.0,175.0,4000.0,4000.0,12.5,2.0,0.01,0.4,,68.59351371638078,-2.816794869992659,,,,,,,,19.44248086920904
7.0,15.0,5.0,175.0,4000.0,4000.0,12.5,2.5,0.01,0.4,,69.29047480920639,-2.3015983396829007,,,,,,,,21.535140422758936
7.0,15.0,5.0,175.0,4000.0,4000.0,12.5,2.5,0.005,0.4,,66.31314157085006,6.355471732503833,,,,,,,,19.82411547725918
7.0,15.0,5.0,175.0,4000.0,4000.0,12.5,2.5,0.04,0.4,,59.35569702791377,2.4984908257194434,,,,,,,,14.662659575106051
7.0,15.0,5.0,175.0,4000.0,4000.0,12.5,2.5,0.01,0.05,,-1.3417473487161118,-3.989888665831053,,,,,,,,6.14389998624412
7.0,15.0,5.0,175.0,4000.0,4000.0,12.5,2.5,0.01,0.1,,6.172589972006044,-10.916218827331061,,,,,,,,3.8382034950549944
7.0,15.0,5.0,175.0,4000.0,4000.0,12.5,2.5,0.01,0.2,,46.46500532459425,-15.986031067847666,,,,,,,,12.190625263756042
7.0,15.0,5.0,175.0,4000.0,4000.0,12.5,2.5,0.01,0.8,,49.189314863882515,-9.78340378822891,,,,,,,,11.75398661810797
7.0,15.0,5.0,175.0,4000.0,4000.0,12.5,2.5,0.01,1.6,,45.12128657243907,-9.78340378822891,,,,,,,,10.728124871996313
7.0,15.0,5.0,175.0,250.0,4000.0,12.5,2.5,0.01,0.4,,21.09803725277518,1.4898491819057575,,,,,,,,10.19424495015691
7.0,15.0,5.0,175.0,500.0,4000.0,12.5,2.5,0.01,0.4,,35.426299571406055,4.795364809022347,,,,,,,,17.432891249834647
7.0,15.0,5.0,175.0,1000.0,4000.0,12.5,2.5,0.01,0.4,,52.430073954955034,5.50729866520394,,,,,,,,21.431440647657983
7.0,15.0,5.0,175.0,2000.0,4000.0,12.5,2.5,0.01,0.4,,62.572347153187565,3.7701097968126724,,,,,,,,22.450464778354426
7.0,15.0,5.0,175.0,4000.0,250.0,12.5,2.5,0.01,0.4,,68.65963209350502,-2.9323914871648213,,,,,,,,20.621369171737033
7.0,15.0,5.0,175.0,4000.0,500.0,12.5,2.5,0.01,0.4,,68.72493627161334,-2.9029645618094655,,,,,,,,20.697057493482383
7.0,15.0,5.0,175.0,4000.0,1000.0,12.5,2.5,0.01,0.4,,68.843150185067,-2.8451624433295777,,,,,,,,20.84550298530986
7.0,15.0,5.0,175.0,4000.0,2000.0,12.5,2.5,0.01,0.4,,68.99429683291675,-2.6992097223495684,,,,,,,,21.10473872235853
7.0,15.0,3.0,175.0,4000.0,4000.0,12.5,2.5,0.01,0.4,,-7.7662251530796205,-13.348970357406767,,,,,,,,-11.858053661031194
7.0,15.0,4.0,175.0,4000.0,4000.0,12.5,2.5,0.01,0.4,,35.18826528441293,-22.971176460049016,,,,,,,,-2.4796968053739477
7.0,15.0,6.0,175.0,4000.0,4000.0,12.5,2.5,0.01,0.4,,28.745320565095703,-2.2032671649141697,,,,,,,,5.266094017047773
7.0,15.0,7.0,175.0,4000.0,4000.0,12.5,2.5,0.01,0.4,,9.676012511561886,-3.809528567504934,,,,,,,,-1.0099872822743294
7.0,15.0,8.0,175.0,4000.0,4000.0,12.5,2.5,0.01,0.4,,24.666327845044147,-3.4351303915271636,,,,,,,,4.0429764457268815
7.0,15.0,9.0,175.0,4000.0,4000.0,12.5,2.5,0.01,0.4,,29.048010526329612,8.909796411568042,,,,,,,,15.165272287269186
7.0,15.0,10.0,175.0,4000.0,4000.0,12.5,2.5,0.01,0.4,,27.1319079484781,15.157085770102157,,,,,,,,19.10841948600594
2.0,15.0,5.0,175.0,4000.0,4000.0,12.5,2.5,0.01,0.4,,56.48098516282457,-44.23772986972123,,,,,,,,-3.539251218558968
3.0,15.0,5.0,175.0,4000.0,4000.0,12.5,2.5,0.01,0.4,,52.47825633935189,-26.187958699437736,,,,,,,,-6.03503391815931
4.0,15.0,5.0,175.0,4000.0,4000.0,12.5,2.5,0.01,0.4,,53.10345303228741,-24.69938738019971,,,,,,,,-0.0908175932280166
5.0,15.0,5.0,175.0,4000.0,4000.0,12.5,2.5,0.01,0.4,,54.02588274390757,-14.742135506599833,,,,,,,,6.359610072423345
6.0,15.0,5.0,175.0,4000.0,4000.0,12.5,2.5,0.01,0.4,,60.61795442474699,-12.02347923904474,,,,,,,,8.688409731325878
8.0,15.0,5.0,175.0,4000.0,4000.0,12.5,2.5,0.01,0.4,,63.92494912506404,-2.1794071842345772,,,,,,,,14.341634001916765
9.0,15.0,5.0,175.0,4000.0,4000.0,12.5,2.5,0.01,0.4,,58.75946407691068,-4.6699673477270345,,,,,,,,10.924418484664077
10.0,15.0,5.0,175.0,4000.0,4000.0,12.5,2.5,0.01,0.4,,50.21406192561583,-1.2303090190671675,,,,,,,,10.902006627963491
7.0,20.0,5.0,175.0,4000.0,4000.0,12.5,2.5,0.01,0.4,,45.882491371412236,-11.633673953472687,,,,,,,,4.5648258502892585
7.0,25.0,5.0,175.0,4000.0,4000.0,12.5,2.5,0.01,0.4,,37.15264380758267,-16.625768482146192,,,,,,,,-5.478196148932112
7.0,30.0,5.0,175.0,4000.0,4000.0,12.5,2.5,0.01,0.4,,33.50229527668008,-19.791481600495075,,,,,,,,-8.229819274295119
7.0,40.0,5.0,175.0,4000.0,4000.0,12.5,2.5,0.01,0.4,,39.80195931618222,-10.35361095711696,,,,,,,,-0.43664337474966286
7.0,50.0,5.0,175.0,4000.0,4000.0,12.5,2.5,0.01,0.4,,39.577931593469685,-1.7438404271336552,,,,,,,,4.629934052444772
7.0,15.0,5.0,75.0,4000.0,4000.0,12.5,2.5,0.01,0.4,,49.58958175053647,-14.248286897355307,,,,,,,,6.236875802985217
7.0,15.0,5.0,100.0,4000.0,4000.0,12.5,2.5,0.01,0.4,,57.18825063529969,-4.090199292932834,,,,,,,,6.751877218221551
7.0,15.0,5.0,125.0,4000.0,4000.0,12.5,2.5,0.01,0.4,,67.60942924039738,3.953869481993806,,,,,,,,18.243608417010243
7.0,15.0,5.0,150.0,4000.0,4000.0,12.5,2.5,0.01,0.4,,63.691744959921095,0.056899962968085305,,,,,,,,18.887708361539612
7.0,15.0,5.0,200.0,4000.0,4000.0,12.5,2.5,0.01,0.4,,51.482384491956424,-5.0673051798239435,,,,,,,,15.890410762346935
7.0,15.0,5.0,175.0,4000.0,4000.0,5.0,2.5,0.01,0.4,,26.321736420442278,-24.812570902482488,,,,,,,,-5.158805267839024
7.0,15.0,5.0,175.0,4000.0,4000.0,7.5,2.5,0.01,0.4,,38.65898146200723,-14.010102846045742,,,,,,,,6.59531052859104
7.0,15.0,5.0,175.0,4000.0,4000.0,10.0,2.5,0.01,0.4,,43.46630882747864,-19.183915431444284,,,,,,,,14.305102088645054
7.0,15.0,5.0,175.0,4000.0,4000.0,15.0,2.5,0.01,0.4,,68.15490338626716,-5.429797526978817,,,,,,,,20.715870668444005
