short_term,long_term,price_range,amp_window,change_holding,amp_lo_threshold,amp_hi_threshold,mse_threshold_1,slope_threshold_1,mse_threshold_2,slope_threshold_2,price_change_threshold,Train r2,Val r2,Test r2,Train RMSE,Val RMSE,Test RMSE,Train MAPE,Val MAPE,Test MAPE,Time,score_250,score_500
2.0,15.0,3.0,75.0,500.0,12.5,0.5,0.25,0.2,0.02,2.0,0.025,,2.058633579612261,,,,,,,,,-8.24204481821037,27.50616690935798
2.0,15.0,4.0,75.0,500.0,12.5,0.5,0.25,0.2,0.02,2.0,0.025,,11.683232531700789,,,,,,,,,-3.061952173313646,25.664960711729936
2.0,15.0,5.0,75.0,500.0,12.5,0.5,0.25,0.2,0.02,2.0,0.025,,10.506143111494756,,,,,,,,,0.7110292020951476,44.32518321704107
2.0,15.0,6.0,75.0,500.0,12.5,0.5,0.25,0.2,0.02,2.0,0.025,,11.140038221124396,,,,,,,,,-5.166151075054319,29.409277866033015
2.0,15.0,7.0,75.0,500.0,12.5,0.5,0.25,0.2,0.02,2.0,0.025,,12.425374316408197,,,,,,,,,-2.2608021061594066,27.950870454388507
3.0,15.0,7.0,75.0,500.0,12.5,0.5,0.25,0.2,0.02,2.0,0.025,,11.15709061317552,,,,,,,,,-2.633045207215904,24.623208319549637
4.0,15.0,7.0,75.0,500.0,12.5,0.5,0.25,0.2,0.02,2.0,0.025,,10.890309651199344,,,,,,,,,-1.8284971705427964,24.443994635880212
5.0,15.0,7.0,75.0,500.0,12.5,0.5,0.25,0.2,0.02,2.0,0.025,,11.583759148543532,,,,,,,,,-0.6133328052053244,26.284828477898618
6.0,15.0,7.0,75.0,500.0,12.5,0.5,0.25,0.2,0.02,2.0,0.025,,11.332725371130222,,,,,,,,,-0.9474439318477792,26.214006438654962
2.0,20.0,7.0,75.0,500.0,12.5,0.5,0.25,0.2,0.02,2.0,0.025,,11.870492300063344,,,,,,,,,-1.3278314096901802,21.897348951068803
2.0,25.0,7.0,75.0,500.0,12.5,0.5,0.25,0.2,0.02,2.0,0.025,,8.55849871030778,,,,,,,,,-3.7316111229463864,19.930479604981564
2.0,30.0,7.0,75.0,500.0,12.5,0.5,0.25,0.2,0.02,2.0,0.025,,6.263228034682069,,,,,,,,,-6.749954856147408,19.831649285864053
2.0,15.0,7.0,100.0,500.0,12.5,0.5,0.25,0.2,0.02,2.0,0.025,,12.662474522165613,,,,,,,,,-0.17438924435275993,28.156903868481848
2.0,15.0,7.0,150.0,500.0,12.5,0.5,0.25,0.2,0.02,2.0,0.025,,11.060734892892539,,,,,,,,,-2.0505993081583362,31.32463024019465
2.0,15.0,7.0,200.0,500.0,12.5,0.5,0.25,0.2,0.02,2.0,0.025,,8.50124099175029,,,,,,,,,-8.32384012269336,28.06348510903419
2.0,15.0,7.0,100.0,250.0,12.5,0.5,0.25,0.2,0.02,2.0,0.025,,13.027030662322641,,,,,,,,,3.8519368485985446,30.367436073887657
2.0,15.0,7.0,100.0,1000.0,12.5,0.5,0.25,0.2,0.02,2.0,0.025,,12.065798219320975,,,,,,,,,-5.212972611753756,20.47943118579299
2.0,15.0,7.0,100.0,2000.0,12.5,0.5,0.25,0.2,0.02,2.0,0.025,,8.182933781945453,,,,,,,,,-13.8610856853925,12.558783128593454
2.0,15.0,7.0,100.0,4000.0,12.5,0.5,0.25,0.2,0.02,2.0,0.025,,8.142216708609432,,,,,,,,,-18.57558850401833,11.867666643533198
2.0,15.0,7.0,100.0,250.0,7.5,0.5,0.25,0.2,0.02,2.0,0.025,,9.974293295120496,,,,,,,,,2.3674732133297915,23.38303865427298
2.0,15.0,7.0,100.0,250.0,10.0,0.5,0.25,0.2,0.02,2.0,0.025,,13.559404035148564,,,,,,,,,5.025327080610989,28.50076540918434
2.0,15.0,7.0,100.0,250.0,15.0,0.5,0.25,0.2,0.02,2.0,0.025,,13.30653247500478,,,,,,,,,3.9711420677133447,31.977600105523646
2.0,15.0,7.0,100.0,250.0,10.0,1.0,0.25,0.2,0.02,2.0,0.025,,13.559404035148564,,,,,,,,,5.025327080610989,28.50076540918434
2.0,15.0,7.0,100.0,250.0,10.0,1.5,0.25,0.2,0.02,2.0,0.025,,13.379972385995371,,,,,,,,,5.263319364159825,27.910341156156996
2.0,15.0,7.0,100.0,250.0,10.0,2.0,0.25,0.2,0.02,2.0,0.025,,13.37433572856634,,,,,,,,,5.715587566110425,26.8872556201214
2.0,15.0,7.0,100.0,250.0,10.0,2.5,0.25,0.2,0.02,2.0,0.025,,12.298125804866919,,,,,,,,,5.582079342030136,26.431565481268635
2.0,15.0,7.0,100.0,250.0,10.0,0.5,0.25,0.2,0.02,2.0,0.005,,10.130446477757772,,,,,,,,,8.496049888312164,11.848499528937571
2.0,15.0,7.0,100.0,250.0,10.0,0.5,0.25,0.2,0.02,2.0,0.01,,18.517879887279456,,,,,,,,,17.246182883675345,15.05049152995894
2.0,15.0,7.0,100.0,250.0,10.0,0.5,0.25,0.2,0.02,2.0,0.05,,7.9917019717494355,,,,,,,,,9.648937898011042,21.236929357490343
2.0,15.0,7.0,100.0,250.0,10.0,0.5,0.25,0.2,0.02,2.0,0.1,,6.281339815431649,,,,,,,,,8.358865798089614,17.54976286184571
2.0,15.0,7.0,100.0,250.0,10.0,0.5,0.25,0.2,0.005,2.0,0.01,,18.178263785810408,,,,,,,,,17.131277704174643,14.565536838436664
2.0,15.0,7.0,100.0,250.0,10.0,0.5,0.25,0.2,0.01,2.0,0.01,,18.6708554823845,,,,,,,,,17.22845419841503,15.51021586606361
2.0,15.0,7.0,100.0,250.0,10.0,0.5,0.25,0.2,0.04,2.0,0.01,,22.19733982298181,,,,,,,,,21.23441690503416,15.15758501058859
2.0,15.0,7.0,100.0,250.0,10.0,0.5,0.25,0.2,0.04,0.5,0.01,,22.19733982298181,,,,,,,,,21.23441690503416,15.15758501058859
2.0,15.0,7.0,100.0,250.0,10.0,0.5,0.25,0.2,0.04,1.0,0.01,,22.19733982298181,,,,,,,,,21.23441690503416,15.15758501058859
2.0,15.0,7.0,100.0,250.0,10.0,0.5,0.25,0.2,0.04,4.0,0.01,,22.19733982298181,,,,,,,,,21.23441690503416,15.15758501058859
2.0,15.0,7.0,100.0,250.0,10.0,0.5,0.25,0.2,0.04,8.0,0.01,,22.19733982298181,,,,,,,,,21.23441690503416,15.15758501058859
2.0,15.0,7.0,100.0,250.0,10.0,0.5,0.05,0.2,0.04,2.0,0.01,,20.82768275426193,,,,,,,,,19.10067263390423,18.34047585681366
2.0,15.0,7.0,100.0,250.0,10.0,0.5,0.15,0.2,0.04,2.0,0.01,,20.714416389876263,,,,,,,,,18.787243620308903,15.83616513701411
2.0,15.0,7.0,100.0,250.0,10.0,0.5,0.35,0.2,0.04,2.0,0.01,,22.357136333333653,,,,,,,,,21.70924689874937,14.766214058130174
2.0,15.0,7.0,100.0,250.0,10.0,0.5,0.35,0.05,0.04,2.0,0.01,,22.3667353451618,,,,,,,,,21.59689518259526,15.095344221276804
2.0,15.0,7.0,100.0,250.0,10.0,0.5,0.35,0.1,0.04,2.0,0.01,,22.480482422508658,,,,,,,,,21.73540843192176,15.042017755934241
2.0,15.0,7.0,100.0,250.0,10.0,0.5,0.35,0.4,0.04,2.0,0.01,,22.358777362075827,,,,,,,,,21.72045628984366,14.805947049908129
2.0,15.0,7.0,100.0,250.0,10.0,0.5,0.35,0.8,0.04,2.0,0.01,,22.358777362075827,,,,,,,,,21.72045628984366,14.805947049908129
2.0,15.0,3.0,100.0,250.0,10.0,0.5,0.35,0.1,0.04,2.0,0.01,,-2.0306953040259845,,,,,,,,,-4.595729447223525,11.6839552810205
2.0,15.0,4.0,100.0,250.0,10.0,0.5,0.35,0.1,0.04,2.0,0.01,,9.803295904427504,,,,,,,,,10.794866476600644,5.137473083083114
2.0,15.0,5.0,100.0,250.0,10.0,0.5,0.35,0.1,0.04,2.0,0.01,,14.14669234857529,,,,,,,,,17.273811169322023,8.916000249929233
2.0,15.0,6.0,100.0,250.0,10.0,0.5,0.35,0.1,0.04,2.0,0.01,,18.695066905271897,,,,,,,,,19.96423060841339,14.818875898585047
3.0,15.0,7.0,100.0,250.0,10.0,0.5,0.35,0.1,0.04,2.0,0.01,,22.492618152642283,,,,,,,,,21.737445498201907,14.221448465212204
4.0,15.0,7.0,100.0,250.0,10.0,0.5,0.35,0.1,0.04,2.0,0.01,,22.689154828394656,,,,,,,,,21.94853210242297,13.956880382736271
5.0,15.0,7.0,100.0,250.0,10.0,0.5,0.35,0.1,0.04,2.0,0.01,,22.513666595153353,,,,,,,,,22.2953666335264,13.8949965360406
6.0,15.0,7.0,100.0,250.0,10.0,0.5,0.35,0.1,0.04,2.0,0.01,,22.04183515841425,,,,,,,,,22.59825573967604,12.312126042538965
4.0,20.0,7.0,100.0,250.0,10.0,0.5,0.35,0.1,0.04,2.0,0.01,,22.492657584703256,,,,,,,,,23.079557450696626,13.916264176169397
4.0,25.0,7.0,100.0,250.0,10.0,0.5,0.35,0.1,0.04,2.0,0.01,,22.566499916165665,,,,,,,,,23.94477814360392,13.992888498516328
4.0,30.0,7.0,100.0,250.0,10.0,0.5,0.35,0.1,0.04,2.0,0.01,,22.484353078574912,,,,,,,,,23.778294114769132,14.15409510319299
4.0,15.0,7.0,75.0,250.0,10.0,0.5,0.35,0.1,0.04,2.0,0.01,,23.386080235862238,,,,,,,,,21.172906368426865,14.277216967929919
4.0,15.0,7.0,150.0,250.0,10.0,0.5,0.35,0.1,0.04,2.0,0.01,,17.371487306910744,,,,,,,,,15.902145483419153,10.296486771241863
4.0,15.0,7.0,200.0,250.0,10.0,0.5,0.35,0.1,0.04,2.0,0.01,,14.860948125676575,,,,,,,,,12.057256100865164,6.99116305266336
4.0,15.0,7.0,75.0,500.0,10.0,0.5,0.35,0.1,0.04,2.0,0.01,,28.622772445666037,,,,,,,,,26.649377344033304,9.51572097274386
4.0,15.0,7.0,75.0,1000.0,10.0,0.5,0.35,0.1,0.04,2.0,0.01,,24.301217636419693,,,,,,,,,21.19707276692028,-2.5517044724798446
4.0,15.0,7.0,75.0,2000.0,10.0,0.5,0.35,0.1,0.04,2.0,0.01,,13.812593058690565,,,,,,,,,9.506829662069652,-15.66098502517143
4.0,15.0,7.0,75.0,4000.0,10.0,0.5,0.35,0.1,0.04,2.0,0.01,,5.06914372852866,,,,,,,,,-2.8351366447665995,-25.02338815716996
4.0,15.0,7.0,75.0,500.0,7.5,0.5,0.35,0.1,0.04,2.0,0.01,,30.614165535256625,,,,,,,,,28.64678136124657,12.925620455115398
4.0,15.0,7.0,75.0,500.0,12.5,0.5,0.35,0.1,0.04,2.0,0.01,,26.112827820435015,,,,,,,,,23.509917650486926,9.183315095942515
4.0,15.0,7.0,75.0,500.0,15.0,0.5,0.35,0.1,0.04,2.0,0.01,,25.525405156163565,,,,,,,,,23.502931628842468,8.051460288120024
4.0,15.0,7.0,75.0,500.0,7.5,1.0,0.35,0.1,0.04,2.0,0.01,,30.62757961824059,,,,,,,,,28.681925842140327,12.925620455115398
4.0,15.0,7.0,75.0,500.0,7.5,1.5,0.35,0.1,0.04,2.0,0.01,,30.32502869707165,,,,,,,,,29.0452232267338,12.1261458597114
4.0,15.0,7.0,75.0,500.0,7.5,2.0,0.35,0.1,0.04,2.0,0.01,,28.631101422367106,,,,,,,,,28.898013958798586,11.766804103637629
4.0,15.0,7.0,75.0,500.0,7.5,2.5,0.35,0.1,0.04,2.0,0.01,,25.43595412264518,,,,,,,,,26.677537252953968,8.919247119729665
4.0,15.0,7.0,75.0,500.0,7.5,1.0,0.35,0.1,0.04,2.0,0.005,,15.395380477062881,,,,,,,,,10.479853848411633,13.316502376866733
4.0,15.0,7.0,75.0,500.0,7.5,1.0,0.35,0.1,0.04,2.0,0.025,,11.103525475569302,,,,,,,,,-2.2024046139060296,30.268266276305305
4.0,15.0,7.0,75.0,500.0,7.5,1.0,0.35,0.1,0.04,2.0,0.05,,8.885274018510675,,,,,,,,,5.7000627738130945,14.14915700192913
4.0,15.0,7.0,75.0,500.0,7.5,1.0,0.35,0.1,0.04,2.0,0.1,,4.031717206525514,,,,,,,,,1.3869208086457192,10.28962719579026
4.0,15.0,7.0,75.0,500.0,7.5,1.0,0.35,0.1,0.005,2.0,0.01,,24.125049528961355,,,,,,,,,21.22204754828241,12.83904615606269
4.0,15.0,7.0,75.0,500.0,7.5,1.0,0.35,0.1,0.01,2.0,0.01,,24.695887414539783,,,,,,,,,21.502096115835222,14.162777324545319
4.0,15.0,7.0,75.0,500.0,7.5,1.0,0.35,0.1,0.02,2.0,0.01,,24.698489689101468,,,,,,,,,21.940568805140764,13.512308986786199
4.0,15.0,7.0,75.0,500.0,7.5,1.0,0.35,0.1,0.04,0.5,0.01,,30.62757961824059,,,,,,,,,28.681925842140327,12.925620455115398
4.0,15.0,7.0,75.0,500.0,7.5,1.0,0.35,0.1,0.04,1.0,0.01,,30.62757961824059,,,,,,,,,28.681925842140327,12.925620455115398
4.0,15.0,7.0,75.0,500.0,7.5,1.0,0.35,0.1,0.04,4.0,0.01,,30.62757961824059,,,,,,,,,28.681925842140327,12.925620455115398
4.0,15.0,7.0,75.0,500.0,7.5,1.0,0.35,0.1,0.04,8.0,0.01,,30.62757961824059,,,,,,,,,28.681925842140327,12.925620455115398
4.0,15.0,7.0,75.0,500.0,7.5,1.0,0.05,0.1,0.04,2.0,0.01,,29.306374387876225,,,,,,,,,25.341268049919673,19.14170904659608
4.0,15.0,7.0,75.0,500.0,7.5,1.0,0.15,0.1,0.04,2.0,0.01,,28.070385050459436,,,,,,,,,24.37997000410606,14.221851673472546
4.0,15.0,7.0,75.0,500.0,7.5,1.0,0.25,0.1,0.04,2.0,0.01,,30.05466172373926,,,,,,,,,27.970827231635933,12.73677635810216
4.0,15.0,7.0,75.0,500.0,7.5,1.0,0.35,0.05,0.04,2.0,0.01,,30.643692183451755,,,,,,,,,28.659456436430172,13.047947120870814
4.0,15.0,7.0,75.0,500.0,7.5,1.0,0.35,0.2,0.04,2.0,0.01,,30.42378788126633,,,,,,,,,28.66496227268072,12.479782050085879
4.0,15.0,7.0,75.0,500.0,7.5,1.0,0.35,0.4,0.04,2.0,0.01,,30.438264904217654,,,,,,,,,28.69699659304045,12.523157720358077
4.0,15.0,7.0,75.0,500.0,7.5,1.0,0.35,0.8,0.04,2.0,0.01,,30.438264904217654,,,,,,,,,28.69699659304045,12.523157720358077
4.0,15.0,3.0,75.0,500.0,7.5,1.0,0.35,0.05,0.04,2.0,0.01,,-3.7139327694628195,,,,,,,,,-9.691031919205042,7.199593292566989
4.0,15.0,4.0,75.0,500.0,7.5,1.0,0.35,0.05,0.04,2.0,0.01,,12.276169113894497,,,,,,,,,10.851921581790103,3.59241657017572
4.0,15.0,5.0,75.0,500.0,7.5,1.0,0.35,0.05,0.04,2.0,0.01,,21.311167759459856,,,,,,,,,25.291076659630605,4.973959363200379
4.0,15.0,6.0,75.0,500.0,7.5,1.0,0.35,0.05,0.04,2.0,0.01,,25.05597990867173,,,,,,,,,25.549793932658808,13.448886370145047
2.0,15.0,7.0,75.0,500.0,7.5,1.0,0.35,0.05,0.04,2.0,0.01,,29.51424397299343,,,,,,,,,28.13263803784092,13.11251100352641
3.0,15.0,7.0,75.0,500.0,7.5,1.0,0.35,0.05,0.04,2.0,0.01,,30.366464996087174,,,,,,,,,28.530626486368504,11.904878440096377
5.0,15.0,7.0,75.0,500.0,7.5,1.0,0.35,0.05,0.04,2.0,0.01,,30.234353506242105,,,,,,,,,28.983107261905914,13.270217427863171
6.0,15.0,7.0,75.0,500.0,7.5,1.0,0.35,0.05,0.04,2.0,0.01,,30.11796351781956,,,,,,,,,30.456703446072154,11.470506180234544
4.0,20.0,7.0,75.0,500.0,7.5,1.0,0.35,0.05,0.04,2.0,0.01,,29.048035713397233,,,,,,,,,28.817284321091986,11.350376689647138
4.0,25.0,7.0,75.0,500.0,7.5,1.0,0.35,0.05,0.04,2.0,0.01,,28.324812902353163,,,,,,,,,29.183349590382953,10.981530435630583
4.0,30.0,7.0,75.0,500.0,7.5,1.0,0.35,0.05,0.04,2.0,0.01,,27.407957543855275,,,,,,,,,28.714817322642144,10.468249706228324
4.0,15.0,7.0,100.0,500.0,7.5,1.0,0.35,0.05,0.04,2.0,0.01,,27.836232740787942,,,,,,,,,28.02391136382536,13.632204515455873
4.0,15.0,7.0,150.0,500.0,7.5,1.0,0.35,0.05,0.04,2.0,0.01,,22.273130682032555,,,,,,,,,18.671559682427866,12.556975343071304
4.0,15.0,7.0,200.0,500.0,7.5,1.0,0.35,0.05,0.04,2.0,0.01,,19.249760310349284,,,,,,,,,15.706324367969536,7.064499324683423
4.0,15.0,7.0,75.0,250.0,7.5,1.0,0.35,0.05,0.04,2.0,0.01,,22.5157290712004,,,,,,,,,21.052031874455146,13.638262222281668
4.0,15.0,7.0,75.0,1000.0,7.5,1.0,0.35,0.05,0.04,2.0,0.01,,28.677357056581428,,,,,,,,,25.792883459084834,3.7294206687545994
4.0,15.0,7.0,75.0,2000.0,7.5,1.0,0.35,0.05,0.04,2.0,0.01,,19.606930959849095,,,,,,,,,14.976011935431952,-8.423615156265111
4.0,15.0,7.0,75.0,4000.0,7.5,1.0,0.35,0.05,0.04,2.0,0.01,,14.110237048821656,,,,,,,,,7.560045423951806,-18.62721088631874
4.0,15.0,7.0,75.0,500.0,10.0,1.0,0.35,0.05,0.04,2.0,0.01,,28.5212466260312,,,,,,,,,26.440994584357266,9.816869900267164
4.0,15.0,7.0,75.0,500.0,12.5,1.0,0.35,0.05,0.04,2.0,0.01,,26.15135203268616,,,,,,,,,23.591237506939375,9.334649268240346
4.0,15.0,7.0,75.0,500.0,15.0,1.0,0.35,0.05,0.04,2.0,0.01,,25.394550060693952,,,,,,,,,23.412385610377775,8.133566650777771
4.0,15.0,7.0,75.0,500.0,7.5,0.5,0.35,0.05,0.04,2.0,0.01,,30.630051209047146,,,,,,,,,28.624146717042716,13.047947120870814
4.0,15.0,7.0,75.0,500.0,7.5,1.5,0.35,0.05,0.04,2.0,0.01,,30.344321572309283,,,,,,,,,29.026114389946013,12.247270597319094
4.0,15.0,7.0,75.0,500.0,7.5,2.0,0.35,0.05,0.04,2.0,0.01,,28.65278631504586,,,,,,,,,28.88074253487099,11.884635690194129
4.0,15.0,7.0,75.0,500.0,7.5,2.5,0.35,0.05,0.04,2.0,0.01,,25.47805318466736,,,,,,,,,26.71781064494664,9.061420353472826
4.0,15.0,7.0,75.0,500.0,7.5,1.0,0.35,0.05,0.04,2.0,0.005,,15.405786474316855,,,,,,,,,10.445902474270195,13.436296131893043
4.0,15.0,7.0,75.0,500.0,7.5,1.0,0.35,0.05,0.04,2.0,0.025,,11.183128994332092,,,,,,,,,-2.28563297638323,30.609869316444794
4.0,15.0,7.0,75.0,500.0,7.5,1.0,0.35,0.05,0.04,2.0,0.05,,9.445579131863308,,,,,,,,,6.28307317831549,14.06763059446454
4.0,15.0,7.0,75.0,500.0,7.5,1.0,0.35,0.05,0.04,2.0,0.1,,4.946908942604213,,,,,,,,,1.663777731761943,9.84291073937107
4.0,15.0,7.0,75.0,500.0,7.5,1.0,0.35,0.05,0.005,2.0,0.01,,24.140981729081027,,,,,,,,,21.19847691298257,12.967087542591937
4.0,15.0,7.0,75.0,500.0,7.5,1.0,0.35,0.05,0.01,2.0,0.01,,24.71046654736977,,,,,,,,,21.47591183729603,14.284851676449016
4.0,15.0,7.0,75.0,500.0,7.5,1.0,0.35,0.05,0.02,2.0,0.01,,24.712153490974217,,,,,,,,,21.914598403590695,13.634115359033029
4.0,15.0,7.0,75.0,500.0,7.5,1.0,0.35,0.05,0.04,0.5,0.01,,30.643692183451755,,,,,,,,,28.659456436430172,13.047947120870814
4.0,15.0,7.0,75.0,500.0,7.5,1.0,0.35,0.05,0.04,1.0,0.01,,30.643692183451755,,,,,,,,,28.659456436430172,13.047947120870814
4.0,15.0,7.0,75.0,500.0,7.5,1.0,0.35,0.05,0.04,4.0,0.01,,30.643692183451755,,,,,,,,,28.659456436430172,13.047947120870814
4.0,15.0,7.0,75.0,500.0,7.5,1.0,0.35,0.05,0.04,8.0,0.01,,30.643692183451755,,,,,,,,,28.659456436430172,13.047947120870814
4.0,15.0,7.0,75.0,500.0,7.5,1.0,0.05,0.05,0.04,2.0,0.01,,30.69486700727502,,,,,,,,,27.452965815554847,17.507077679351685
4.0,15.0,7.0,75.0,500.0,7.5,1.0,0.15,0.05,0.04,2.0,0.01,,29.20822696770504,,,,,,,,,25.48450552806017,14.31223520692593
4.0,15.0,7.0,75.0,500.0,7.5,1.0,0.25,0.05,0.04,2.0,0.01,,30.273773984392122,,,,,,,,,27.879146684680617,12.751799380968599
4.0,15.0,7.0,75.0,500.0,7.5,1.0,0.05,0.2,0.04,2.0,0.01,,27.107405090518967,,,,,,,,,23.974344154372297,18.51936282320998
4.0,15.0,7.0,75.0,500.0,7.5,1.0,0.05,0.4,0.04,2.0,0.01,,26.766899002473885,,,,,,,,,23.859148713152315,17.71374551759893
4.0,15.0,7.0,75.0,500.0,7.5,1.0,0.05,0.8,0.04,2.0,0.01,,26.64810492676013,,,,,,,,,23.849421271487888,17.260082925086717
4.0,15.0,3.0,75.0,500.0,7.5,1.0,0.05,0.05,0.04,2.0,0.01,,-3.7139327694628195,,,,,,,,,-9.691031919205042,7.199593292566989
4.0,15.0,4.0,75.0,500.0,7.5,1.0,0.05,0.05,0.04,2.0,0.01,,12.648469972189154,,,,,,,,,11.405810152060395,4.33509408438171
4.0,15.0,5.0,75.0,500.0,7.5,1.0,0.05,0.05,0.04,2.0,0.01,,20.51557955736462,,,,,,,,,23.831260533340455,7.314778723083819
4.0,15.0,6.0,75.0,500.0,7.5,1.0,0.05,0.05,0.04,2.0,0.01,,24.604278398821105,,,,,,,,,24.301209937557786,16.511203955379504
2.0,15.0,7.0,75.0,500.0,7.5,1.0,0.05,0.05,0.04,2.0,0.01,,29.74521002283727,,,,,,,,,27.306537658731656,17.798505754577473
3.0,15.0,7.0,75.0,500.0,7.5,1.0,0.05,0.05,0.04,2.0,0.01,,30.20243365570304,,,,,,,,,27.277601841580868,16.429828195937898
5.0,15.0,7.0,75.0,500.0,7.5,1.0,0.05,0.05,0.04,2.0,0.01,,29.779329436579424,,,,,,,,,26.71621828197928,17.798987508099128
6.0,15.0,7.0,75.0,500.0,7.5,1.0,0.05,0.05,0.04,2.0,0.01,,29.033587404832904,,,,,,,,,27.591009128977326,15.256177132930526
4.0,20.0,7.0,75.0,500.0,7.5,1.0,0.05,0.05,0.04,2.0,0.01,,28.937714050757666,,,,,,,,,26.78023956683068,16.10838322504361
4.0,25.0,7.0,75.0,500.0,7.5,1.0,0.05,0.05,0.04,2.0,0.01,,28.124645131549222,,,,,,,,,26.835115568112663,15.693083119350362
4.0,30.0,7.0,75.0,500.0,7.5,1.0,0.05,0.05,0.04,2.0,0.01,,27.40475266764961,,,,,,,,,26.12785699081754,14.486595147970004
4.0,15.0,7.0,100.0,500.0,7.5,1.0,0.05,0.05,0.04,2.0,0.01,,27.173704691544796,,,,,,,,,25.49660038986891,16.59810824904381
4.0,15.0,7.0,150.0,500.0,7.5,1.0,0.05,0.05,0.04,2.0,0.01,,20.64169192718515,,,,,,,,,15.780907043338855,13.677600255103718
4.0,15.0,7.0,200.0,500.0,7.5,1.0,0.05,0.05,0.04,2.0,0.01,,17.613065068757145,,,,,,,,,13.166236045352806,7.815078819579959
4.0,15.0,7.0,75.0,250.0,7.5,1.0,0.05,0.05,0.04,2.0,0.01,,22.40582662275395,,,,,,,,,20.332254283759934,15.644223211555214
4.0,15.0,7.0,75.0,1000.0,7.5,1.0,0.05,0.05,0.04,2.0,0.01,,34.26894391538115,,,,,,,,,30.925320553534895,10.79304058280804
4.0,15.0,7.0,75.0,2000.0,7.5,1.0,0.05,0.05,0.04,2.0,0.01,,27.950712503323402,,,,,,,,,23.56860078232431,-1.1275035000664246
4.0,15.0,7.0,75.0,4000.0,7.5,1.0,0.05,0.05,0.04,2.0,0.01,,23.51282084601327,,,,,,,,,16.843124705053725,-9.371030771344806
4.0,15.0,7.0,75.0,1000.0,10.0,1.0,0.05,0.05,0.04,2.0,0.01,,31.695623930023565,,,,,,,,,28.02557851895965,6.192913169463402
4.0,15.0,7.0,75.0,1000.0,12.5,1.0,0.05,0.05,0.04,2.0,0.01,,29.235842748803012,,,,,,,,,24.43457482288526,5.880721761857014
4.0,15.0,7.0,75.0,1000.0,15.0,1.0,0.05,0.05,0.04,2.0,0.01,,28.06247018191692,,,,,,,,,23.787492680384382,3.699508945088109
4.0,15.0,7.0,75.0,1000.0,7.5,0.5,0.05,0.05,0.04,2.0,0.01,,34.258772534933016,,,,,,,,,30.854728261042794,10.79304058280804
4.0,15.0,7.0,75.0,1000.0,7.5,1.5,0.05,0.05,0.04,2.0,0.01,,32.66044212801119,,,,,,,,,30.07964360458218,8.834026059521836
4.0,15.0,7.0,75.0,1000.0,7.5,2.0,0.05,0.05,0.04,2.0,0.01,,30.434294090975392,,,,,,,,,30.803904316811337,7.627286794135134
4.0,15.0,7.0,75.0,1000.0,7.5,2.5,0.05,0.05,0.04,2.0,0.01,,27.22408448234826,,,,,,,,,29.896715496108005,4.770246780103893
4.0,15.0,7.0,75.0,1000.0,7.5,1.0,0.05,0.05,0.04,2.0,0.005,,16.676277077927445,,,,,,,,,8.570432022040727,11.474246199523861
4.0,15.0,7.0,75.0,1000.0,7.5,1.0,0.05,0.05,0.04,2.0,0.025,,12.298260467313998,,,,,,,,,-4.529714903292916,26.24093316115794
4.0,15.0,7.0,75.0,1000.0,7.5,1.0,0.05,0.05,0.04,2.0,0.05,,7.813433701753551,,,,,,,,,-8.292275655475592,11.40436198942416
4.0,15.0,7.0,75.0,1000.0,7.5,1.0,0.05,0.05,0.04,2.0,0.1,,-0.20543531280084348,,,,,,,,,-9.503433539373663,3.5801108582124
4.0,15.0,7.0,75.0,1000.0,7.5,1.0,0.05,0.05,0.005,2.0,0.01,,26.755549180486113,,,,,,,,,22.92875342705942,9.606460401013734
4.0,15.0,7.0,75.0,1000.0,7.5,1.0,0.05,0.05,0.01,2.0,0.01,,27.462248818817805,,,,,,,,,23.534338301693523,10.942599706106261
4.0,15.0,7.0,75.0,1000.0,7.5,1.0,0.05,0.05,0.02,2.0,0.01,,27.582493590294128,,,,,,,,,24.23490722499394,10.724968539607673
4.0,15.0,7.0,75.0,1000.0,7.5,1.0,0.05,0.05,0.04,0.5,0.01,,34.26894391538115,,,,,,,,,30.925320553534895,10.79304058280804
4.0,15.0,7.0,75.0,1000.0,7.5,1.0,0.05,0.05,0.04,1.0,0.01,,34.26894391538115,,,,,,,,,30.925320553534895,10.79304058280804
4.0,15.0,7.0,75.0,1000.0,7.5,1.0,0.05,0.05,0.04,4.0,0.01,,34.26894391538115,,,,,,,,,30.925320553534895,10.79304058280804
4.0,15.0,7.0,75.0,1000.0,7.5,1.0,0.05,0.05,0.04,8.0,0.01,,34.26894391538115,,,,,,,,,30.925320553534895,10.79304058280804
4.0,15.0,7.0,75.0,1000.0,7.5,1.0,0.15,0.05,0.04,2.0,0.01,,28.182156241285085,,,,,,,,,23.700171401519693,5.926937513137233
4.0,15.0,7.0,75.0,1000.0,7.5,1.0,0.25,0.05,0.04,2.0,0.01,,28.470237747670954,,,,,,,,,25.368105370966724,3.211370011760046
4.0,15.0,7.0,75.0,1000.0,7.5,1.0,0.05,0.1,0.04,2.0,0.01,,33.12279471978081,,,,,,,,,28.4097069347502,13.24907507385738
4.0,15.0,7.0,75.0,1000.0,7.5,1.0,0.05,0.2,0.04,2.0,0.01,,28.51100348888084,,,,,,,,,25.19723944350105,12.33988454580862
4.0,15.0,7.0,75.0,1000.0,7.5,1.0,0.05,0.4,0.04,2.0,0.01,,27.768933200827096,,,,,,,,,24.928499694426318,10.798393078359775
4.0,15.0,7.0,75.0,1000.0,7.5,1.0,0.05,0.8,0.04,2.0,0.01,,27.521114620232403,,,,,,,,,24.907132283994297,9.856190040927432
4.0,15.0,3.0,75.0,1000.0,7.5,1.0,0.05,0.05,0.04,2.0,0.01,,-7.794236654355393,,,,,,,,,-16.503692405965346,15.626847157240839
4.0,15.0,4.0,75.0,1000.0,7.5,1.0,0.05,0.05,0.04,2.0,0.01,,15.330745323523384,,,,,,,,,11.549921292925465,3.379876668882172
4.0,15.0,5.0,75.0,1000.0,7.5,1.0,0.05,0.05,0.04,2.0,0.01,,22.30252511588007,,,,,,,,,25.755917226070796,1.013192621579524
4.0,15.0,6.0,75.0,1000.0,7.5,1.0,0.05,0.05,0.04,2.0,0.01,,25.929105684092114,,,,,,,,,26.520160779117184,6.168899323081437
2.0,15.0,7.0,75.0,1000.0,7.5,1.0,0.05,0.05,0.04,2.0,0.01,,32.30775127435081,,,,,,,,,29.861056162031733,11.789676377519768
3.0,15.0,7.0,75.0,1000.0,7.5,1.0,0.05,0.05,0.04,2.0,0.01,,33.50242404946596,,,,,,,,,30.232116473804723,9.626697552976278
5.0,15.0,7.0,75.0,1000.0,7.5,1.0,0.05,0.05,0.04,2.0,0.01,,33.09612556780272,,,,,,,,,30.069673594071624,10.772889978531612
6.0,15.0,7.0,75.0,1000.0,7.5,1.0,0.05,0.05,0.04,2.0,0.01,,32.13957375580755,,,,,,,,,32.04289439225329,7.139404549824366
4.0,20.0,7.0,75.0,1000.0,7.5,1.0,0.05,0.05,0.04,2.0,0.01,,30.751111742685836,,,,,,,,,30.14117241509242,7.804715268285857
4.0,25.0,7.0,75.0,1000.0,7.5,1.0,0.05,0.05,0.04,2.0,0.01,,29.685151999929527,,,,,,,,,30.62412037174128,6.552216784358038
4.0,30.0,7.0,75.0,1000.0,7.5,1.0,0.05,0.05,0.04,2.0,0.01,,28.366557158747735,,,,,,,,,29.29298685233296,5.12389404690871
4.0,15.0,7.0,100.0,1000.0,7.5,1.0,0.05,0.05,0.04,2.0,0.01,,31.993330378802955,,,,,,,,,30.4675186122784,11.020197205737883
4.0,15.0,7.0,150.0,1000.0,7.5,1.0,0.05,0.05,0.04,2.0,0.01,,26.37420137838167,,,,,,,,,21.8642262571967,12.891566519596882
4.0,15.0,7.0,200.0,1000.0,7.5,1.0,0.05,0.05,0.04,2.0,0.01,,23.685375528037007,,,,,,,,,17.205558889685875,10.56017591556892
